name,chains,category,total24h,total7d,total30d,change_1d,change_7d,change_1m
Uniswap V3,"['Arbitrum', 'Base', 'Avalanche', 'World Chain', 'Ethereum', 'OP Mainnet', 'Polygon', 'ZKsync Era', 'Sei', 'Unichain', 'Taiko', 'Scroll', 'Rootstock', 'Filecoin', 'Boba', 'Mantle', 'Linea', 'Polygon zkEVM', 'Blast', 'Gnosis', 'BOB', 'Lisk', 'Corn', 'Goat', 'BSC', 'Hemi', 'XDC', 'LightLink', 'Lens', 'Telos', 'Celo', 'Nibiru']",Dexs,2514397427,17852612205.0,77614655620.0,34.9,-29.5,10.7
PancakeSwap AMM V3,"['Solana', 'BSC', 'Ethereum', 'Polygon zkEVM', 'ZKsync Era', 'Arbitrum', 'Linea', 'Base', 'opBNB']",Dexs,1976898969,14400725769.0,55759710609.0,2.25,-16.98,-2.8
Uniswap V4,"['Ethereum', 'Unichain', 'OP Mainnet', 'Base', 'Arbitrum', 'Polygon', 'Blast', 'Zora', 'World Chain', 'Ink', 'Soneium', 'Avalanche', 'BSC']",Dexs,1320503949,9601132321.0,37765238749.0,29.71,-31.28,16.22
HumidiFi,['Solana'],Dexs,1224754690,6921319341.0,20684993803.0,36.09,-8.03,208.31
Hyperliquid Spot Orderbook,['Hyperliquid L1'],Dexs,1187391721,10304308449.0,20773141963.0,182.71,-16.37,184.41
Orca DEX,"['Solana', 'Eclipse']",Dexs,1169121789,7132324529.0,19626300143.0,15.54,37.24,81.41
Uniswap V2,"['Ethereum', 'Base', 'Arbitrum', 'Polygon', 'BSC', 'Unichain']",Dexs,833148669,6235652909.0,25402807555.0,10.36,22.85,37.25
Raydium AMM,['Solana'],Dexs,722919096,4692555055.0,23860590943.0,3.55,6.01,-27.26
Aerodrome Slipstream,['Base'],Dexs,689536451,5190845433.0,21677488042.0,21.85,-38.14,-0.1
PumpSwap,['Solana'],Dexs,547698545,1974164358.0,6624926967.0,84.22,94.65,168.35
Fluid DEX,"['Ethereum', 'Arbitrum', 'Polygon', 'Base']",Dexs,482745926,4119230564.0,23793344453.0,-15.46,-59.99,-65.41
Meteora DLMM,['Solana'],Dexs,463224806,3318872609.0,13552200890.0,11.4,-21.0,1.59
Curve DEX,"['Ethereum', 'Arbitrum', 'OP Mainnet', 'Avalanche', 'Polygon', 'Base', 'Gnosis', 'Fraxtal', 'Sonic', 'Hyperliquid L1']",Dexs,406889507,2177198529.0,10260072107.0,88.21,-10.93,-15.51
Ekubo,"['Starknet', 'Ethereum']",Dexs,401187431,3727721640.0,16762167341.0,-2.7,-30.33,33.32
Tessera V,['Solana'],Dexs,375066973,2010680172.0,5905953316.0,43.6,14.81,213.34
SolFi,['Solana'],Dexs,225630851,1383239282.0,6450866548.0,28.03,-16.29,-45.91
Project X,['Hyperliquid L1'],Dexs,171502549,1322888182.0,2990009532.0,-1.1,14.24,302.34
Cetus AMM,"['Aptos', 'Sui']",Dexs,166911193,1092825521.0,4983117633.0,73.08,-17.17,1.93
ZeroFi,['Solana'],Dexs,159307679,1604878457.0,5444365888.0,-36.49,-66.34,-20.94
Meteora Dynamic Bonding Curve,['Solana'],Launchpad,151188232,287561159.0,952223573.0,617.83,903.94,964.75
Blackhole CLMM,['Avalanche'],Dexs,150294191,1155992581.0,5466195035.0,-8.71,3.24,-12.59
Mento,['Celo'],Algo-Stables,148069093,960066896.0,3602754178.0,39.44,5.36,1300.33
SUNSwap V3,['Tron'],Dexs,142516952,973815604.0,4159546298.0,64.36,-19.13,-39.1
Momentum,['Sui'],Dexs,133455040,716391642.0,2658766285.0,27.82,1.49,46.1
pump.fun,['Solana'],Launchpad,127411525,953235100.0,3066688279.0,-25.1,13.83,687.48
GoonFi,['Solana'],Dexs,118840742,673588006.0,2162620007.0,54.99,3.56,859.18
Lifinity V1,['Solana'],Dexs,115961270,595957534.0,2081308461.0,59.58,26.7,57.02
Pendle,"['Ethereum', 'Arbitrum', 'Mantle', 'BSC', 'OP Mainnet']",Yield,113425971,834252113.0,5548012099.0,-9.99,-14.84,-51.65
Joe V2.2,"['Avalanche', 'Arbitrum']",Dexs,113042809,1028806522.0,2929241163.0,-24.11,-47.91,40.15
Maverick V2,"['Ethereum', 'Arbitrum', 'ZKsync Era', 'BSC', 'Base', 'Scroll']",Dexs,96837512,521011850.0,1774235668.0,25.88,25.89,136.52
Hyperion,['Aptos'],Dexs,94480643,704660806.0,3318908137.0,1.99,-11.48,-20.12
Bluefin Spot,['Sui'],Dexs,86305796,603316337.0,2714706325.0,42.75,-22.26,-14.96
stabble,['Solana'],Dexs,73757805,498258075.0,1366139741.0,-12.52,8.36,141.43
PancakeSwap AMM,"['BSC', 'Ethereum', 'Polygon zkEVM', 'ZKsync Era', 'Arbitrum', 'Linea', 'Base', 'opBNB', 'Aptos']",Dexs,71965379,425757851.0,1123724061.0,-37.85,91.51,51.48
Etherex CL,['Linea'],Dexs,65699155,452435159.0,1405228528.0,6.22,-21.22,2591.52
DeepBook V3,['Sui'],Dexs,65547209,494356953.0,1485037603.0,36.81,-18.31,119.6
Velodrome V3,"['OP Mainnet', 'Mode', 'Lisk', 'Fraxtal', 'Ink', 'Soneium', 'Unichain', 'Swellchain']",Dexs,63836958,406549328.0,1780002409.0,38.28,-33.96,10.17
DODO AMM,"['Arbitrum', 'BSC', 'Ethereum', 'Polygon', 'Avalanche', 'OP Mainnet', 'Base', 'Linea', 'Scroll']",Dexs,53480060,441641453.0,1497444015.0,-2.71,-35.59,46.1
Thorchain DEX,['Thorchain'],Dexs,50787402,424543415.0,1613591749.0,-48.06,-41.91,-8.47
Meteora DAMM V2,['Solana'],Dexs,49243145,411695034.0,1799465825.0,-11.03,-2.09,-6.95
Camelot V3,"['Arbitrum', 'ApeChain', 'Gravity by Galxe', 'Rari', 'Reya Network', 'Gnosis', 'Sanko']",Dexs,48432593,487560513.0,2035834679.0,-25.07,-49.18,-22.32
0x,"['Ethereum', 'Polygon', 'BSC', 'OP Mainnet', 'Fantom', 'Celo', 'Avalanche', 'Arbitrum', 'Base']",DEX Aggregator,43746987,243706796.0,1163310305.0,56.15,-46.16,139.28
Joe V2.1,"['Avalanche', 'Arbitrum', 'BSC']",Dexs,42966659,187503825.0,395255750.0,8.97,115.26,602.57
Native Swap,"['BSC', 'Ethereum', 'Arbitrum', 'Base']",Dexs,42915315,326174499.0,1138338485.0,51.99,-24.18,218.21
Balancer V3,"['Ethereum', 'Gnosis', 'Arbitrum', 'OP Mainnet', 'Avalanche', 'Base', 'Hyperliquid L1']",Dexs,41155205,356198543.0,1534442630.0,8.35,-15.05,-24.98
PancakeSwap Infinity,"['BSC', 'Base']",Dexs,41079406,247092842.0,605565771.0,-17.04,26.82,193.85
Dexalot DEX,"['Dexalot', 'Avalanche', 'Arbitrum', 'Base']",Dexs,38135292,199536927.0,1160763761.0,57.44,-9.43,-4.56
Pharaoh CL,['Avalanche'],Dexs,37551822,344060532.0,1201705802.0,-14.36,-18.08,8.36
Polymarket,['Polygon'],Prediction Market,34193736,238530475.0,961506847.0,3.51,-19.67,99.97
WOOFi Swap,"['Avalanche', 'BSC', 'Fantom', 'Polygon', 'Arbitrum', 'OP Mainnet', 'ZKsync Era', 'Polygon zkEVM', 'Linea', 'Base', 'Mantle', 'Sonic', 'Berachain', 'Hyperliquid L1', 'Solana']",Dexs,34051522,236197175.0,1139624940.0,15.61,-44.31,18.9
Bunni V2,"['Ethereum', 'Arbitrum', 'Base', 'Unichain', 'BSC']",Dexs,30665768,247593300.0,1019186587.0,35.38,-42.2,158.22
ThalaSwap V2,['Aptos'],Dexs,29001994,262722888.0,1268044116.0,-7.55,-40.52,-25.98
Shadow Exchange CLMM,['Sonic'],Dexs,28787136,159266610.0,753288090.0,38.89,-23.09,12.67
VVS Standard,['Cronos'],Dexs,28220913,202121024.0,306813980.0,-67.51,436.96,539.51
Rhea Dex,['Near'],Dexs,27724953,127584333.0,1738680008.0,-1.19,-44.81,-79.81
Quickswap Dex,"['Polygon', 'Base']",Dexs,27634847,205715492.0,961510546.0,-5.46,1.87,10.85
Aerodrome V1,['Base'],Dexs,27072621,216668335.0,1089437297.0,-10.56,-66.0,37.98
SushiSwap V3,"['Arbitrum', 'Ethereum', 'Gnosis', 'Base', 'CORE', 'Blast', 'Rootstock', 'Bittorrent', 'Metis', 'Kava', 'Linea', 'Scroll', 'Sonic', 'Hemi', 'Katana', 'Arbitrum Nova', 'BSC', 'OP Mainnet', 'Polygon', 'Polygon zkEVM', 'ThunderCore', 'Fantom', 'Avalanche']",Dexs,26709124,174502269.0,577039047.0,31.13,-11.98,11.35
Hybra V3,['Hyperliquid L1'],Dexs,26233275,186795347.0,759599243.0,31.1,-5.96,13.16
Omni Exchange V3,"['Base', 'Arbitrum', 'OP Mainnet', 'Avalanche', 'Sonic', 'BSC']",Dexs,24429995,65690514.0,106038606.0,-8.85,1512.86,1187.41
Tokenlon AMM,['Ethereum'],Dexs,23688150,149508777.0,985719832.0,61.9,-56.53,-8.84
THENA INTEGRAL,['BSC'],Dexs,23040799,210330407.0,871591285.0,-8.19,-35.13,85.24
Hashflow,"['Ethereum', 'Avalanche', 'BSC', 'Arbitrum', 'OP Mainnet', 'Polygon', 'Solana']",DEX Aggregator,22695496,144304360.0,526480466.0,36.36,-21.59,344.8
Chainflip,['Chainflip'],Dexs,21938837,156436898.0,479005964.0,5.59,-11.39,77.55
Kittenswap Algebra,['Hyperliquid L1'],Dexs,21667874,25782922.0,25782922.0,,,
Quickswap V3,"['Polygon', 'Polygon zkEVM', 'Manta', 'Immutable zkEVM', 'Soneium']",Dexs,21541984,121703821.0,540789348.0,40.34,-8.48,30.79
HyperSwap V3,['Hyperliquid L1'],Dexs,21088287,1058090945.0,4593797702.0,-83.65,-85.87,-83.7
Turbos,['Sui'],Dexs,20949667,181503972.0,771879787.0,5.82,-37.82,-12.49
1DEX,['Vaulta'],Dexs,20518434,131454331.0,528183207.0,35.09,2.14,15.18
Fluid DEX Lite,['Ethereum'],Dexs,19847773,74080271.0,192859165.0,44.75,77.53,
Dragon Swap V3 Sei,['Sei'],Dexs,19661228,112852450.0,441862367.0,46.81,10.79,80.01
Merchant Moe Liquidity Book,['Mantle'],Dexs,18259858,128971353.0,627724560.0,-15.66,-57.75,12.6
SUNSwap V1,['Tron'],Dexs,16604196,35425395.0,111405867.0,59.51,6431.68,640.37
SushiSwap,"['Ethereum', 'Polygon', 'Arbitrum', 'CORE', 'Blast', 'Katana', 'Fantom', 'Avalanche', 'Fuse', 'Harmony']",Dexs,16483177,107416345.0,393327487.0,-2.22,-32.39,678778.79
Fulcrom AMM,"['Cronos', 'ZKsync Era', 'Cronos zkEVM']",Dexs,15367187,66711877.0,81240282.0,-38.16,1283.26,1615.19
FluxBeam,['Solana'],Dexs,14371829,121677952.0,295574599.0,-23.4,-9.22,3.13
Balancer V2,"['Ethereum', 'Polygon', 'Arbitrum', 'Gnosis', 'Polygon zkEVM', 'Avalanche', 'Base', 'Mode', 'Fraxtal']",Dexs,13735887,179432590.0,842824963.0,-20.88,-66.03,-48.21
Kodiak V3,['Berachain'],Dexs,12127004,123644168.0,369504862.0,-36.87,-19.56,15.94
Agni Finance,['Mantle'],Dexs,11901948,57774556.0,273917646.0,41.74,-22.33,112.25
Meteora DAMM V1,['Solana'],Dexs,11422322,90000915.0,414977995.0,-33.73,-15.99,-39.42
Phoenix,['Solana'],Dexs,11362818,52721842.0,190591582.0,43.66,38.45,127.1
PulseX V2,['PulseChain'],Dexs,11147164,98729249.0,374134802.0,-5.56,-3.75,-30.98
Sailor,['Sei'],Dexs,11123062,78141928.0,331370162.0,3.1,-17.17,-11.22
Sanctum Infinity,['Solana'],Dexs,10581406,73983622.0,200625972.0,94.19,122.62,500.26
NEAR Intents,['Near'],AI Agents,10527570,79298860.0,338625826.0,7.15,-31.27,-23.38
EulerSwap,"['Ethereum', 'Unichain', 'BSC']",Dexs,9934726,120511535.0,747795790.0,4.01,-54.26,99.47
PulseX V1,['PulseChain'],Dexs,9716894,104003423.0,420950044.0,-12.22,-36.16,-50.43
Osmosis DEX,['Osmosis'],Dexs,9436189,83827098.0,333977615.0,0.0,-41.16,3.13
Etherex Legacy,['Linea'],Dexs,9054605,30236129.0,99017278.0,75.94,1.93,1652200.18
Obric,['Solana'],Dexs,9029904,63397227.0,1071589668.0,24.01,-31.98,-79.92
Hydration DEX,['Hydration'],Dexs,8855058,59799263.0,249770104.0,75.91,-44.4,
Integral,"['Arbitrum', 'Ethereum']",Dexs,8700558,119134823.0,473912506.0,-24.57,-55.0,-21.44
GMX V2 AMM,"['Arbitrum', 'Avalanche', 'Botanix', 'Solana']",Dexs,8614456,58665649.0,300224847.0,67.92,-61.69,35.85
Saros DLMM,['Solana'],Dexs,8199028,65694218.0,238326932.0,-15.61,-10.84,45.62
FlowX V3,['Sui'],Dexs,8125116,46819720.0,231754635.0,86.31,-10.69,-29.18
SaucerSwap V2,['Hedera'],Dexs,7650616,79846111.0,317392636.0,-17.65,-10.37,-36.61
Ramses CL,['Arbitrum'],Dexs,7470643,59875525.0,282189908.0,12.41,-29.08,-44.48
Lynex V2,['Linea'],Dexs,7257369,46507554.0,168977032.0,42.95,-0.2,40.0
Sanctum Reserve,['Solana'],Yield,7117006,13060750.0,28497097.0,33.82,21329.02,86735.11
Meridian AMM,['Movement'],Dexs,7031361,80208921.0,297257307.0,-4.2,-62.18,79.87
Byreal,['Solana'],Dexs,6425449,41476832.0,101128076.0,19.81,7.5,265.17
TanX.fi,['Ethereum'],Dexs,6392736,48604478.0,201874017.0,1.53,-11.74,-6.16
Pangolin V3,['Avalanche'],Dexs,6137378,33823586.0,151404371.0,16.48,-16.0,114.46
Reservoir Tools CLMM,"['Abstract', 'Zero Network', 'Shape']",Dexs,5534698,45003799.0,212669310.0,-7.39,-53.01,-5.14
SUNSwap V2,['Tron'],Dexs,5287879,35698061.0,126772682.0,-14.58,28.66,-49.26
Magma,['Sui'],Dexs,5086759,27893927.0,138990077.0,102.86,-20.26,30.23
Angstrom,['Ethereum'],Dexs,4649542,33889187.0,159892113.0,-23.08,-32.66,144.39
XRPL DEX,['XRPL'],Dexs,4398569,4398569.0,4398569.0,,,
Clipper,"['Ethereum', 'OP Mainnet', 'Arbitrum', 'Polygon', 'Moonbeam', 'Base', 'Mantle', 'Polygon zkEVM']",Dexs,4302546,34294450.0,133411759.0,13.84,-37.47,24.53
STON.fi,['TON'],Dexs,4082486,27836811.0,139344669.0,-15.43,-29.06,-3.73
LaunchLab,['Solana'],Launchpad,3826377,14640669.0,830961020.0,162.86,-10.91,-97.37
SwapX Algebra,['Sonic'],Dexs,3513003,24273570.0,124982816.0,10.95,-29.76,-31.01
Tapp Exchange,['Aptos'],Dexs,3462863,34580938.0,155881873.0,9.57,-56.06,-20.72
Katana DEX V3,['Ronin'],Dexs,3449951,24169420.0,98440654.0,9.26,-7.85,51.65
Aqua,['Solana'],Telegram Bot,3420098,17475876.0,70496632.0,110.88,198.86,
Alien Base V2,['Base'],Dexs,3404188,11567534.0,81047867.0,176.95,4.76,27.14
XPress Protocol,['Sonic'],Dexs,3373416,27774424.0,146080187.0,21.45,-60.07,-12.75
Astroport,"['Terra2', 'Injective', 'Neutron', 'Sei', 'Osmosis']",Dexs,3351420,23264321.0,56391961.0,46.92,41.46,131.95
Full Sail,['Sui'],Dexs,3295933,15321457.0,33146416.0,107.99,106.45,494.54
Yaka V3,['Sei'],Dexs,3062693,17149998.0,59554889.0,25.46,38.56,390.39
SparkDEX V3.1,['Flare'],Dexs,2976155,18099318.0,107287004.0,41.24,-47.23,-13.89
Duality,['Neutron'],Dexs,2878077,15036808.0,29452677.0,52.56,83.61,436.07
FanX Protocol,['Chiliz'],Dexs,2523948,4487832.0,15212681.0,67.71,555.95,312.41
Gliquid,['Hyperliquid L1'],Dexs,2430574,25253690.0,120913961.0,-12.8,-6.4,-60.81
Minswap,['Cardano'],Dexs,2313404,16393056.0,92047758.0,74.32,-42.57,-20.27
Heaven,['Solana'],Dexs,2306506,67272543.0,393675600.0,-26.69,-93.29,
WAGMI,"['Fantom', 'Ethereum', 'Metis', 'Kava', 'Sonic', 'Base']",Dexs,2256974,13912328.0,80108278.0,-1.18,-48.38,-15.53
LumenSwap,['Stellar'],Dexs,2226207,14394536.0,77001704.0,43.39,-38.23,36.0
Javsphere,['Base'],Derivatives,2216102,17549334.0,37440034.0,91.77,-22.46,772.3
Maverick V1,"['BSC', 'Base', 'ZKsync Era', 'Ethereum']",Dexs,2173181,17623976.0,56460351.0,2.92,-27.32,30.15
Unchain X,['BSC'],Dexs,2172577,11705094.0,44508279.0,23.64,-5.23,58.01
Bulla Exchange,['Berachain'],Dexs,2114097,26099323.0,72591347.0,-44.56,-28.97,-11.94
four.meme,['BSC'],Launchpad,2018679,13704052.0,57269474.0,-23.49,-23.35,-38.42
Beets DEX,"['Fantom', 'OP Mainnet', 'Sonic']",Dexs,2003849,9962449.0,51530815.0,80.25,44.57,-9.16
Bitflow,['Stacks'],Dexs,1945400,16841903.0,56200843.0,-16.55,-3.75,-17.01
ZORA Coins,['Base'],Launchpad,1849484,24021148.0,112966075.0,14.29,-2.07,-79.04
Solidly V3,"['Ethereum', 'Sonic', 'OP Mainnet', 'Arbitrum', 'Fantom', 'Base']",Dexs,1845961,17313787.0,75374048.0,-30.15,-53.66,-14.3
Reservoir Tools AMM,"['Ink', 'Zero Network', 'Shape', 'Abstract']",Dexs,1845448,16037808.0,107725259.0,-34.95,-52.34,-67.62
Joe DEX,"['BSC', 'Avalanche', 'Arbitrum']",Dexs,1841736,14258303.0,76477704.0,-38.48,-57.03,17.29
Metropolis DLMM,['Sonic'],Dexs,1796919,9440761.0,40445777.0,11.17,-25.37,118.18
Renegade,"['Arbitrum', 'Base']",Dexs,1751288,11595713.0,37389484.0,11.53,-8.06,439.33
Aquarius Stellar,['Stellar'],Dexs,1739217,9812896.0,59333486.0,128.59,-29.37,14.26
Carbon.inc,['Base'],Telegram Bot,1724514,8867569.0,27116394.0,90.37,54.23,61.76
SquadSwap WOW,['BSC'],Dexs,1644572,16445478.0,308910227.0,-27.97,-61.97,-94.98
Tinyman,['Algorand'],Dexs,1633479,6997443.0,26856937.0,96.42,83.98,64.06
Cellana Finance,['Aptos'],Dexs,1576165,3617656.0,15976183.0,-4.59,-37.56,1118.42
Thruster V3,['Blast'],Dexs,1522303,12521184.0,47797600.0,20.25,-40.66,-12.66
Drift AMM,['Solana'],Dexs,1522215,9915065.0,37003282.0,38.18,-44.6,54.67
THENA FUSION,['BSC'],Dexs,1498775,10481411.0,72615648.0,-8.89,-19.58,-79.31
Helix Spot,['Injective'],Dexs,1472490,10042746.0,18359884.0,2.91,-22.04,36.85
Saber,['Solana'],Dexs,1320123,9371633.0,40012177.0,-3.31,-3.82,-1.21
Blackhole AMM,['Avalanche'],Dexs,1283988,14662877.0,120544153.0,-45.36,-59.83,-91.39
MooniSwap,['Ethereum'],Dexs,1282731,8093441.0,35944770.0,34.23,-30.46,265.08
PulseX StableSwap,['PulseChain'],Dexs,1267961,11985939.0,48051299.0,-1.65,-29.57,-61.24
DragonSwap V3 Kaia,['Kaia'],Dexs,1265720,11307326.0,50809349.0,-43.64,-28.36,-54.73
Haedal AMM Protocol,['Sui'],Dexs,1252640,13250189.0,75874815.0,31.6,-69.95,-39.06
Spectra V2,"['Ethereum', 'Arbitrum', 'OP Mainnet', 'Base', 'Sonic', 'Hemi', 'Avalanche', 'BSC', 'Hyperliquid L1']",Yield,1240962,8170213.0,81728504.0,51.38,-1.54,-76.23
BMX Classic AMM,"['Base', 'Mode']",Dexs,1240653,2627845.0,8870820.0,1088.32,-14.76,2577.86
BEX,['Berachain'],Dexs,1172413,18879948.0,80988348.0,-65.74,-41.19,-53.43
Kyo Finance,['Soneium'],Dexs,1140202,7008921.0,28996490.0,36.89,0.56,-8.57
Katana DEX,['Ronin'],Dexs,1118970,7736836.0,34721900.0,6.11,-51.84,-6.22
Molten V4,['CORE'],Dexs,1084817,7694281.0,20991856.0,4.43,9.17,55.32
Rooster Protocol,"['Plume Mainnet', 'Plume (Deprecated)']",Dexs,1076115,7146947.0,38391900.0,72.78,-44.8,21.0
Beets DEX V3,['Sonic'],Dexs,1063647,7047750.0,40547974.0,10.42,-12.18,90.06
DeDust,['TON'],Dexs,1059618,6957862.0,44072475.0,16.44,-40.07,40.91
TONCO,['TON'],Dexs,1051595,14177648.0,94124223.0,-39.7,-61.39,-85.05
O.LAB,['Base'],Prediction Market,1018560,7237827.0,31053595.0,0.0,-3.82,-5.0
Ambient,"['Ethereum', 'Scroll', 'Blast', 'Plume Mainnet', 'Plume (Deprecated)', 'Swellchain']",Dexs,979698,4856851.0,27059208.0,109.19,-46.63,-11.22
Story Hunt,['Story'],Dexs,972325,8956013.0,36497673.0,-13.04,15.88,-50.93
Amped Finance,"['LightLink', 'Sonic', 'Berachain', 'Base']",Derivatives,972183,5558015.0,22988223.0,18.78,-64.91,115.67
BaseX,['Base'],Dexs,968883,6898473.0,42913074.0,56.24,-43.92,-41.69
Defi Swap,['Ethereum'],Dexs,965767,8114594.0,14759705.0,-72.73,320.71,347.64
mySwap CL,['Starknet'],Dexs,944845,6613915.0,28345350.0,0.0,0.0,0.0
Swapr V3,['Gnosis'],Dexs,936839,3560448.0,20910469.0,127.25,19.32,-18.24
Velodrome V2,"['OP Mainnet', 'Mode', 'Lisk', 'Fraxtal', 'Ink', 'BOB', 'Soneium', 'Unichain', 'Swellchain']",Dexs,933180,7127342.0,36646025.0,24.63,-37.39,-4.94
StellaSwap V4,['Moonbeam'],Dexs,926913,6129421.0,24872205.0,-7.45,-10.09,20.46
Kittenswap CL,['Hyperliquid L1'],Dexs,912097,4115717.0,26414046.0,113.09,18.67,-30.43
Nabla Finance,"['Arbitrum', 'Base', 'Berachain']",Dexs,879751,5023655.0,5880739.0,-30.98,169.03,1028.2
ShibaSwap,['Ethereum'],Dexs,878495,6053065.0,18097736.0,8.48,-32.9,267.39
Enosys AMM V3,['Flare'],Dexs,858743,6360367.0,14960360.0,-5.11,-33.07,194.76
Football.Fun,['Base'],Prediction Market,827985,31153934.0,38077337.0,-52.64,-35.33,
XSwap V3,['XDC'],Dexs,812032,5160817.0,34102603.0,12.47,-29.75,-45.07
Frax Swap,"['Arbitrum', 'Aurora', 'Avalanche', 'Boba', 'BSC', 'Ethereum', 'Fantom', 'Harmony', 'Moonbeam', 'Moonriver', 'Polygon', 'Fraxtal']",Dexs,801933,6385431.0,37576822.0,-20.79,-47.23,-53.66
SwapBased Concentrated Liquidity,['Base'],Dexs,801779,2739488.0,19757514.0,88.2,60.94,46.05
Metastable,['Sui'],CDP,796879,36376171.0,149311711.0,-59.32,-90.76,-64.94
Shadow Exchange Legacy,['Sonic'],Dexs,779688,5932306.0,27485811.0,-27.24,-39.32,-17.78
2THICK,['Sonic'],Dexs,772936,5022033.0,42829580.0,27.11,-40.7,-59.51
MagicSea LB,['IOTA EVM'],Dexs,754181,5454541.0,18940020.0,14.18,20.68,69.07
Increment Swap,['Flow'],Dexs,743808,2228704.0,5944552.0,93.67,107.57,198.5
xExchange,['MultiversX'],Dexs,700796,4802026.0,22046292.0,10.53,-19.13,-12.6
LN Exchange Spot,['Bitcoin'],Dexs,662254,4173443.0,19376708.0,8.82,-4.82,-4.13
PancakeSwap Prediction,['BSC'],Prediction Market,617395,613485.0,613485.0,,,
SilverSwap,['Sonic'],Dexs,611421,3744416.0,19350499.0,22.61,-43.26,-34.62
HyperBrick,['Hyperliquid L1'],Dexs,610865,21998471.0,130512297.0,-51.68,-89.7,-63.97
Jellyverse,['Sei'],Dexs,602592,4056924.0,22816769.0,18.0,-40.54,-52.5
DeltaSwap,"['Arbitrum', 'Base', 'Ethereum']",Dexs,593983,4072060.0,16020251.0,104.28,-44.53,20.7
Manifest Trade,['Solana'],Dexs,593669,5733225.0,25270906.0,-32.28,-60.15,-71.61
Kriya CLMM,['Sui'],Dexs,584613,5631105.0,29033255.0,23.03,-24.82,-81.71
Pinto,['Base'],Algo-Stables,569668,6060273.0,21673850.0,-42.16,-10.31,6.32
KittyPunch StableKitty,['Flow'],Dexs,551407,1303057.0,3947753.0,1310.1,20.84,418.7
InitiaDEX,['Initia'],Dexs,547514,3818771.0,23832679.0,62.33,-31.28,-49.4
SaucerSwap V1,['Hedera'],Dexs,529535,4941560.0,26756248.0,-28.58,-56.82,-51.96
PancakeSwap StableSwap,['BSC'],Dexs,516961,6763777.0,120535119.0,-47.21,-29.2,-94.9
Biswap V2,['BSC'],Dexs,468357,3808137.0,15645490.0,10.84,-38.21,-47.73
Nile CL,['Linea'],Dexs,466827,2535491.0,17874985.0,43.12,-17.64,-48.38
BabySwap,['BSC'],Dexs,461762,2136633.0,6011072.0,156.69,52.45,392.86
ICPSwap,['ICP'],Dexs,455088,3134640.0,14636963.0,10.21,-27.49,-22.67
Arena DEX,['Avalanche'],Dexs,452564,4298635.0,18163419.0,24.98,-41.91,-65.34
KittyPunch PunchSwap,['Flow'],Dexs,436861,3045457.0,10824717.0,-24.83,-40.28,-9.64
KongSwap,['ICP'],Dexs,433041,2990490.0,13532961.0,16.35,-16.0,-2.16
Nostra Pools,['Starknet'],Dexs,429039,2031226.0,22549137.0,17.17,-46.97,-60.06
PHUX,['PulseChain'],Dexs,418420,3777836.0,18928295.0,-8.14,-28.02,-64.22
4Swap,['Mixin'],Dexs,402415,1262652.0,6981320.0,261.21,-41.17,205.57
Pharaoh Legacy,['Avalanche'],Dexs,399148,6483252.0,82838288.0,-29.28,-81.26,-93.04
SyncSwap,"['ZKsync Era', 'Linea', 'Scroll']",Dexs,387446,13329173.0,55218773.0,-68.42,-90.11,-72.71
Quickswap V4,"['Base', 'Soneium']",Dexs,378044,3445351.0,6812117.0,-22.75,-43.93,
Wasabee,['Berachain'],Dexs,366501,3001287.0,7174588.0,-29.21,37.87,227.85
H2 Finance V2,['Cronos zkEVM'],Dexs,365226,4216602.0,6796837.0,-76.88,292.11,349.28
Camelot V2,"['Arbitrum', 'ApeChain', 'Gravity by Galxe', 'Rari', 'Reya Network', 'Gnosis', 'Sanko']",Dexs,364208,3100502.0,15366706.0,3.41,-41.01,-9.43
NetSwap,['Metis'],Dexs,361649,2833995.0,17473702.0,13.48,-36.48,-57.07
Ocelex V2,['Zircuit'],Dexs,358815,1986956.0,9832485.0,17.1,16.43,-44.75
Molten V3,['CORE'],Dexs,342450,1725110.0,11847728.0,195.98,51.3,-95.32
Invariant,"['Solana', 'Eclipse']",Dexs,342430,3560805.0,19186720.0,-32.59,-47.37,-64.8
Swaap Maker V2,"['Ethereum', 'Polygon', 'Arbitrum', 'OP Mainnet', 'BSC', 'Base', 'Mode', 'Scroll', 'Linea', 'Mantle']",Dexs,342257,12400712.0,28558558.0,-58.54,122.44,18.78
Saros AMM,['Solana'],Dexs,312929,5559383.0,13467514.0,-30.46,-6.34,-61.26
Swappi,['Conflux'],Dexs,311559,1725232.0,20104911.0,-13.35,-22.78,-87.67
PayCash,['Vaulta'],Dexs,300503,2027513.0,13495844.0,496.76,35.89,170.66
Curve LlamaLend,"['Ethereum', 'Arbitrum', 'OP Mainnet', 'Fraxtal', 'Sonic']",Lending,298711,1161441.0,2602777.0,139.04,95.56,514.92
Skate AMM,"['Ethereum', 'BSC', 'Base', 'Arbitrum', 'Solana', 'Eclipse', 'Hyperliquid L1', 'Plume Mainnet', 'Mantle']",Dexs,297909,2233047.0,12406684.0,-13.11,52.63,10.05
BaseSwap V2,['Base'],Dexs,286375,1523130.0,10207412.0,102.71,38.65,-27.28
OkieSwap V3,['X Layer'],Dexs,281294,1144951.0,2509719.0,49.81,746.99,
Cables Finance,"['Arbitrum', 'Avalanche']",Dexs,279336,932679.0,4433971.0,76.45,41406.09,152.38
Balancer V1,['Ethereum'],Dexs,273539,12193319.0,27808224.0,-17.13,-35.07,109.1
Haven1 hSwap,['Haven1'],Dexs,270365,270365.0,270365.0,,,
boop.fun,['Solana'],Launchpad,270347,1332736.0,10052370.0,6.89,-1.65,-30.2
WingRiders,['Cardano'],Dexs,267838,1957979.0,9553786.0,41.51,-42.55,-13.86
Balanced Exchange,['Icon'],Dexs,256709,1878079.0,8308134.0,37.04,-62.52,-9.92
Verus Market,['Verus'],Dexs,252572,2618731.0,9395978.0,-11.82,-54.99,-39.75
SMARDEX USDN,['Ethereum'],Basis Trading,250678,2077795.0,10250936.0,16.27,38.62,75.31
H2 Finance V3,['Cronos zkEVM'],Dexs,234230,2408779.0,3938939.0,-74.63,189.16,555.63
Interest Curve,['Movement'],Dexs,233029,1588958.0,37385125.0,-1.85,-17.93,-35.15
Bancor V2.1,['Ethereum'],Dexs,232402,2113737.0,10481548.0,-21.5,-47.06,0.28
iZiSwap,"['BSC', 'ZKsync Era', 'Arbitrum', 'Meter', 'Aurora', 'Polygon', 'Mantle', 'OntologyEVM', 'Ultron', 'Linea', 'Scroll', 'Base', 'Manta', 'ZetaChain', 'Mode', 'IoTeX', 'Hemi']",Dexs,225058,1354223.0,14009132.0,46.2,-25.63,-72.16
Nuri CL,['Scroll'],Dexs,222580,485308.0,7430921.0,274.8,97.2,-17.46
Omni Exchange Flux,"['Base', 'Arbitrum', 'OP Mainnet', 'Avalanche', 'Sonic', 'BSC']",Dexs,221365,3190700.0,16937917.0,7.27,-65.36,450.69
Thena V1,['BSC'],Dexs,218934,1979142.0,13989427.0,-46.92,-44.37,-32.74
zkSwap V3,"['ZKsync Era', 'Sonic']",Dexs,218177,1468638.0,5747809.0,17.14,-30.71,13.0
Carbon Defi,"['Ethereum', 'Sei', 'Celo', 'Coti', 'TAC']",Dexs,203396,1596131.0,5394473.0,31.57,-49.8,69.04
Earnium,['Aptos'],Dexs,202996,1516628.0,3047503.0,-4.54,3.96,
Hercules V3,['Metis'],Dexs,200202,1087318.0,5041303.0,95.91,-15.65,14.7
Pangolin V2,['Avalanche'],Dexs,193080,2463788.0,6990355.0,-5.81,-12.04,-4.78
ApeSwap AMM,"['BSC', 'Polygon', 'Ethereum', 'Arbitrum']",Dexs,188791,1209508.0,5505593.0,5.6,-22.4,1.63
KuraSwap CL,['Sei'],Dexs,188387,1215638.0,3978366.0,9.14,-25.67,
DackieSwap V3,"['Base', 'OP Mainnet', 'Arbitrum', 'Blast', 'Mode', 'Linea']",Dexs,185966,1233390.0,4718604.0,10.53,-36.01,26.62
Swaps.io,"['Ethereum', 'OP Mainnet', 'BSC', 'Gnosis', 'Polygon', 'Sonic', 'Arbitrum', 'Base', 'Avalanche', 'Blast']",Bridge,183285,4103119.0,8728226.0,48.38,-67.14,17.6
HbarSuite,['Hedera'],Dexs,176197,264455.0,1814203.0,1874.64,323.0,3.63
Ape.Store,"['Base', 'Ethereum']",Launchpad,175365,8159253.0,47038989.0,-86.2,-77.46,-90.11
Umbra,['Eclipse'],Dexs,172495,614364.0,1784354.0,0.0,208.71,309.5
Pact,['Algorand'],Dexs,171084,1812134.0,9398606.0,-17.78,47.45,-48.72
Wombat Exchange,"['BSC', 'Arbitrum', 'Ethereum', 'Scroll', 'Avalanche', 'Base', 'OP Mainnet']",Dexs,168609,1317192.0,8388857.0,22.45,-91.72,144.36
HX Finance,['Hyperliquid L1'],Dexs,168446,734565.0,1760830.0,77.69,172.45,
SundaeSwap V2,['Cardano'],Dexs,165561,1152905.0,6451951.0,28.85,-55.06,20.45
Koi Finance AMM,['ZKsync Era'],Dexs,158907,457765.0,1687410.0,336.31,27.74,283.15
HyperSwap V2,['Hyperliquid L1'],Dexs,156480,3393441.0,15814298.0,-50.69,-62.27,-71.02
Elys DEX,['Elys'],Dexs,155428,1061416.0,7059397.0,-0.07,-66.94,-33.53
Aftermath AMM,['Sui'],Dexs,155326,1354031.0,9163450.0,30.42,-60.85,-70.47
ThalaSwap,['Aptos'],Dexs,153027,1890146.0,6888782.0,-9.67,-58.51,-43.8
Capybara Dexs,['Kaia'],Dexs,144804,1356566.0,5492935.0,19.75,43.47,202.37
Retro,['Polygon'],Dexs,140964,708009.0,3442049.0,146.31,-20.35,44.15
YeiSwap,['Sei'],Dexs,140699,3914244.0,172857472.0,-81.29,-95.64,-99.05
Zyberswap AMM,['Arbitrum'],Dexs,136647,893480.0,3070743.0,-15.83,83.7,97.1
Uniswap V1,['Ethereum'],Dexs,132661,1151448.0,3721252.0,1.32,-40.93,83.06
Splash Protocol,['Cardano'],Dexs,131687,1712077.0,11656953.0,-14.1,-53.26,-62.9
Ferro,['Cronos'],Dexs,122059,15281310.0,17519655.0,-98.45,-13.11,-19.41
HARD Swap,['Kava'],Dexs,120846,783401.0,3029733.0,-40.08,75.13,-78.97
BurrBear,['Berachain'],Dexs,119448,2707679.0,11586190.0,-68.7,-74.26,-64.62
BulbaSwap V2,['Morph'],Dexs,114314,980610.0,4183714.0,22.31,-58.77,22.11
Yuzu Finance,['Movement'],Dexs,113748,633765.0,3558821.0,48.07,-38.85,-57.57
Merchant Moe DEX,['Mantle'],Dexs,113519,978014.0,2288151.0,-26.49,377.35,806.77
DefiChain DEX,['DefiChain'],Dexs,104185,1060309.0,3632125.0,-43.42,-81.77,259.99
Sonex,['Soneium'],Dexs,100262,658390.0,2623635.0,35.4,-29.29,15.59
Ellipsis Finance,['BSC'],Dexs,96786,312715.0,3887893.0,696.13,-36.26,1850.94
Taraswap,['Taraxa'],Dexs,92795,98163.0,1040198.0,127.53,-33.88,743.05
Mosaic AMM,['Movement'],Dexs,91245,698643.0,3133918.0,11.01,-50.46,-34.19
KIM Exchange V3,['Mode'],Dexs,89349,498652.0,2398862.0,-1.74,-23.88,-62.29
PiperX V3,['Story'],Dexs,78057,2655483.0,16940700.0,-74.07,-57.48,-94.85
Bancor V3,['Ethereum'],Dexs,76608,1639454.0,7263716.0,-77.72,-82.62,-42.42
Swop,"['Waves', 'Unit Zero']",Dexs,75517,1192957.0,1192957.0,-86.68,,
QuickSwap Liquidity Hub,['Polygon'],Services,73445,164705.0,2489540.0,234.85,701.19,-47.42
Gacha,['Abstract'],Prediction Market,72630,160349.0,405304.0,41.71,,608.65
Mimo V2,['IoTeX'],Dexs,72343,890725.0,17572988.0,-41.78,-92.97,-95.52
Nerve,['BSC'],Dexs,67343,402983.0,1107871.0,60.94,66.58,96.17
Web3.world,['Venom'],Dexs,66251,731859.0,2347143.0,-13.15,-45.5,66.56
Cropper CLMM,['Solana'],Dexs,65359,606847.0,5830541.0,102.83,-73.77,-78.01
Kodiak V2,['Berachain'],Dexs,64900,304265.0,916332.0,1.82,206.75,336.04
SwapX V2,['Sonic'],Dexs,63510,235632.0,1289292.0,3.84,138.16,142.78
zkSwap StableSwap,['ZKsync Era'],Dexs,63139,204899.0,1164230.0,2226.42,-31.34,286.24
LiquidSwap,['Aptos'],Dexs,62093,1011075.0,4210710.0,-54.31,-69.25,-41.07
Revoswap,['X Layer'],Dexs,61410,440076.0,2846870.0,130.48,-83.73,
Lif3 Swap,['Tombchain'],Dexs,60325,301589.0,1256099.0,198.37,5177.78,12287.06
SyncSwap V3,"['ZKsync Era', 'Linea', 'Sophon']",Dexs,57240,409941.0,2820431.0,-7.02,-60.89,-67.35
Metropolis AMM,['Sonic'],Dexs,56906,338659.0,1607064.0,56.3,-20.27,-3.99
Arena Launch,['Avalanche'],Launchpad,56549,659912.0,2054472.0,-37.93,-68.22,-46.48
KlaySwap V1,['Kaia'],Dexs,53074,470857.0,5655793.0,-52.22,-32.78,-21.82
WanSwap Dex,['Wanchain'],Dexs,52737,275638.0,1862592.0,5.18,-12.25,14.82
Sologenic,['XRPL'],Dexs,51409,465409.0,2633365.0,-33.54,-59.02,-40.79
FusionX V3,['Mantle'],Dexs,48955,351612.0,1466462.0,-0.91,-74.8,37.17
Alpha Arcade,['Algorand'],Prediction Market,47759,295680.0,1068395.0,9.47,43.27,-30.0
Trisolaris,['Aurora'],Dexs,46022,977372.0,2149744.0,-32.03,-18.99,-30.98
Macaron AMM,['Bitlayer'],Dexs,43928,319676.0,1150347.0,8.42,-29.8,74.9
Dragon Swap V2 Sei,['Sei'],Dexs,41963,497563.0,2798361.0,3.04,-49.53,-80.04
Cleopatra CL,['Mantle'],Dexs,40007,2596507.0,10993794.0,-18.09,-93.45,-92.39
Volta Markets,['CORE'],Derivatives,37776,1347798.0,6709990.0,-56.46,-79.33,-6.23
Dinosaur Eggs,['BSC'],Dexs,37389,274069.0,1044334.0,-26.11,-45.39,18.42
Rubicon,"['OP Mainnet', 'Arbitrum', 'Base', 'Ethereum']",Dexs,36604,411309.0,1874988.0,-12.43,-43.99,-48.86
10KSwap,['Starknet'],Dexs,36029,251705.0,1027358.0,76.81,-48.02,53.69
Emojicoin.fun,['Aptos'],Launchpad,35529,173727.0,534006.0,-54.65,394.08,148.02
Rabbit Swap,['Viction'],Dexs,35314,907197.0,1899441.0,-25.99,-22.07,-65.9
Ramses Legacy,['Arbitrum'],Dexs,34841,160095.0,1171113.0,90.46,-35.17,5.8
MarginX DEX,['FunctionX'],Dexs,34771,296402.0,536482.0,-50.39,315.92,19.64
Velodrome V1,['OP Mainnet'],Dexs,33946,339535.0,2395743.0,25.77,-44.82,-47.63
Consensus Liquidity DEX,['Kaia'],Dexs,33108,215509.0,744976.0,-51.49,9.43,
SquadSwap Dynamo,['BSC'],Dexs,31765,256547.0,1740358.0,-22.84,-47.8,-30.25
Kriya AMM,['Sui'],Dexs,31553,189997.0,830555.0,32.75,26.32,-8.46
waveX,['Soneium'],Derivatives,30746,510078.0,2180439.0,-58.2,-63.46,-50.57
VanillaSwap V2,['DeFiChain EVM'],Dexs,30610,46681.0,127819.0,560.27,436.08,19648.39
Equalizer Exchange,"['Fantom', 'Sonic']",Dexs,29747,422439.0,2016861.0,-41.2,-76.1,-70.99
Honeyswap,"['Polygon', 'Gnosis']",Dexs,29280,188713.0,697444.0,158.95,-49.05,138.98
BabyDogeSwap,['BSC'],Dexs,29092,266719.0,1196134.0,-11.4,-43.03,-51.32
Allbridge Classic,"['Ethereum', 'BSC', 'Terra Classic', 'Aurora', 'Polygon', 'Heco', 'Celo', 'Avalanche', 'Fantom', 'Fuse', 'Solana', 'Near', 'Harmony', 'Tezos', 'Kaia', 'Waves', 'Stellar', 'Stacks']",Bridge,28592,1048278.0,8298314.0,-74.81,-94.34,-75.04
SpookySwap V3,"['Fantom', 'Sonic']",Dexs,28406,102789.0,615154.0,284.02,67.6,41.45
EddyFinance AMM,['ZetaChain'],Dexs,27680,280070.0,1375906.0,-46.36,-54.16,-54.66
Infusion,['Base'],Dexs,27203,338663.0,1667036.0,-49.35,-29.47,-22.18
JustBet,['WINR'],Prediction Market,26768,460662.0,2280811.0,16.3,-74.25,40.12
MDEX,"['BSC', 'Heco', 'Bittorrent']",Dexs,26338,174376.0,864805.0,1.38,-34.89,-0.87
DefiBox,"['Vaulta', 'Wax']",Dexs,26013,401142.0,2229732.0,-54.33,37.63,-74.45
Arch Swap,['Botanix'],Dexs,24415,162729.0,488104.0,62.49,-16.36,237.55
Cauldron,['Bitcoincash'],Dexs,24247,139802.0,689607.0,-3.05,42.97,23.49
FlowX V2,['Sui'],Dexs,24240,201969.0,627971.0,8.03,57.63,41.64
Thick,"['Fantom', 'Arbitrum', 'Base', 'Sonic']",Dexs,23607,230156.0,960297.0,-10.0,-51.68,-20.88
Sushi Aptos,['Aptos'],Dexs,22818,166262.0,767804.0,62.21,-61.69,30.42
Voltage V4,['Fuse'],Dexs,22319,131926.0,1045196.0,51.8,-33.12,-71.47
Xfai,['Linea'],Dexs,22156,207830.0,922739.0,23.01,-69.6,25.47
UltronSwap,['Ultron'],Dexs,20733,171404.0,611052.0,-54.22,81.77,-46.44
Dfyn Network,['Polygon'],Dexs,20228,103352.0,404900.0,8.97,-4.56,139.3
Kittenswap AMM,['Hyperliquid L1'],Dexs,19714,146089.0,1210847.0,14.35,-62.03,-31.95
Verse,"['Ethereum', 'smartBCH']",Dexs,19645,2785129.0,3505780.0,-53.48,-79.46,-3.98
Ubeswap V2,['Celo'],Dexs,19288,142366.0,723385.0,0.0,-52.79,-11.89
BetterSwap,['VeChain'],Dexs,18921,242186.0,1985968.0,-31.59,-82.5,-77.35
Dusa Protocol,['Massa'],Dexs,18895,90268.0,682680.0,177.66,18.03,-50.22
Lynex V1,['Linea'],Dexs,18645,162013.0,938863.0,50.55,-51.73,-68.2
Asset Chain Swap,['Asset Chain'],Dexs,18550,57677.0,842014.0,6.87,328.11,-59.1
Gaming DEX,"['DeFiVerse', 'Oasys']",Dexs,18256,187705.0,1043100.0,-9.4,-0.46,-59.9
Polkaswap,['Sora'],Dexs,17115,159442.0,759544.0,-16.82,-56.86,-43.93
Tethys AMM,['Metis'],Dexs,17105,101767.0,439458.0,73.07,-24.84,-4.81
Scale,['Base'],Dexs,16909,489051.0,1759273.0,-69.95,-60.77,-54.18
SpaceWhale,['Arbitrum'],Derivatives,16544,132261.0,372694.0,,-41.99,
Beezie,['Flow'],RWA,16464,97944.0,305521.0,67.4,13.38,32.71
Velar Protocol,['Stacks'],Dexs,15485,85018.0,433914.0,15.18,12.35,-39.16
Elexium,['Alephium'],Dexs,15320,218432.0,778191.0,11.82,-77.79,-5.57
Secured Finance Lending,"['Ethereum', 'Arbitrum', 'Filecoin']",Lending,14571,182628.0,672796.0,-35.77,-26.82,-71.91
Platypus Finance,['Avalanche'],Dexs,14565,93288.0,392934.0,0.42,-51.89,-58.73
Ninja Blaze,['Injective'],Prediction Market,14555,57240.0,91374.0,-72.18,1677.17,6255.9
SwapBased AMM,['Base'],Dexs,14015,75374.0,375634.0,3.69,-31.67,35.95
Zebra V2,['Scroll'],Dexs,13986,88774.0,378282.0,113.01,-65.7,104.83
ArcherSwap,['CORE'],Dexs,13447,106134.0,430606.0,-7.54,7.68,-25.65
Garden,"['Ethereum', 'Bitcoin', 'Arbitrum', 'Base', 'Unichain', 'Berachain', 'Starknet', 'Hyperliquid L1', 'BSC', 'Corn', 'Sui', 'Solana']",Cross Chain Bridge,13032,57871.0,66463952.0,347.07,-19.1,-99.66
BulbaSwap V3,['Morph'],Dexs,12948,112476.0,372547.0,39.08,-36.37,629.46
Swapr V2,"['Ethereum', 'Arbitrum', 'Gnosis']",Dexs,12787,95690.0,674772.0,15.13,-71.09,-46.74
Energiswap,['Energi'],Dexs,12654,89801.0,464758.0,95.22,-57.24,13.51
Arena SocialFi,['Avalanche'],SoFi,12362,87927.0,361849.0,-8.51,14.68,-20.75
Thruster V2,['Blast'],Dexs,12246,171635.0,587143.0,-15.48,-67.49,11.94
XSwap V2,['XDC'],Dexs,12197,106944.0,463665.0,104.3,11.78,-73.9
WigoSwap,['Fantom'],Dexs,11869,118044.0,820028.0,-20.99,-37.75,16.75
Persistence DEX,['Persistence One'],Dexs,11563,51408.0,381463.0,177.02,-39.53,-70.84
Thirdfy,['Base'],Dexs,11397,2010931.0,4134947.0,-95.12,-97.17,53.62
SMARDEX AMM,"['Arbitrum', 'Base', 'BSC', 'Ethereum', 'Polygon']",Dexs,11051,85557.0,611898.0,10.11,-58.23,-39.78
Veax,['Near'],Dexs,10917,77764.0,380723.0,40.88,-33.35,-48.53
ICDex,['ICP'],Dexs,10450,130499.0,343310.0,208.08,-54.1,-75.14
Crodex,['Cronos'],Dexs,10303,90011.0,116418.0,-74.0,538.75,537.96
SwapMode V3,['Mode'],Dexs,10275,15336.0,96472.0,873.01,191.49,65.7
DackieSwap V2,"['Base', 'OP Mainnet', 'Arbitrum', 'Blast', 'Mode', 'X Layer', 'Linea']",Dexs,10211,27857.0,324455.0,284.45,284.16,-54.8
swap.coffee,['TON'],DEX Aggregator,9721,31385.0,111869.0,275.18,73.28,65.24
GlowSwap,['BSquared'],Dexs,9610,67270.0,288350.0,0.0,0.0,218.32
DragonSwap V2 Kaia,['Kaia'],Dexs,9459,33650.0,85911.0,-2.63,767.0,272.11
SpookySwap V2,"['Fantom', 'Sonic']",Dexs,9319,83461.0,908449.0,-44.53,10.76,-78.45
OraiDEX,['Oraichain'],Dexs,9062,79223.0,314115.0,-31.42,-34.58,-14.91
CaviarNine Shape Liquidity,['Radix'],Dexs,8966,84525.0,1229073.0,-64.29,-51.72,-98.16
Shido Dex,['Shido'],Dexs,8956,39739.0,464584.0,49.44,-2.66,-12.53
SailFish Finance,['EDU Chain'],Dexs,8950,96259.0,286047.0,48.79,24.03,-23.24
Kava Swap,['Kava'],Dexs,8325,165413.0,724117.0,-29.68,-60.38,-43.02
Fenix Standard Pools,['Blast'],Dexs,8257,82980.0,294337.0,1.39,-48.68,-74.92
Ociswap Precision,['Radix'],Dexs,8140,63444.0,539531.0,-52.52,-28.1,-87.88
DeltaTrade,"['Near', 'Solana']",Dexs,7860,83000.0,600233.0,33.99,-72.3,-63.95
Omni Exchange V2,"['Base', 'Arbitrum', 'OP Mainnet', 'Avalanche', 'Sonic', 'BSC']",Dexs,6791,14813.0,50953.0,348.25,458.93,15693.02
OolongSwap,['Boba'],Dexs,6726,25933.0,199993.0,96.67,30.63,348.7
ArthSwap V3,['Astar'],Dexs,6718,61210.0,223044.0,169.37,-63.37,-58.56
Meshswap,['Polygon'],Dexs,6653,64503.0,276413.0,-51.87,-23.08,-71.63
MojitoSwap,['KCC'],Dexs,6197,36793.0,212226.0,-17.77,-40.24,-50.36
KIM Exchange V2,['Mode'],Dexs,6050,42734.0,154535.0,-19.0,-36.17,94.28
Hummus AMM,['Metis'],Dexs,5853,11853.0,55469.0,1729.06,,136.58
Alita Finance,['BSC'],Dexs,5839,48130.0,229122.0,-1.05,-55.53,-33.63
FusionX V2,['Mantle'],Dexs,5736,6724.0,12136.0,3177.71,1203.64,1884.78
Crema Finance,['Solana'],Dexs,5585,30451.0,99274.0,1.29,13.06,110.28
GarudaDefi,['Terra Classic'],Dexs,5473,67726.0,285704.0,13.24,-58.24,-22.56
PhotonSwap Finance,['Cronos'],Dexs,5452,34928.0,46469.0,-64.96,741.36,524.51
Apex DeFi,"['Avalanche', 'Base', 'Ethereum']",Dexs,5389,11991.0,37669.0,496.79,184.83,598.96
SupSwap V3,['Mode'],Dexs,5179,25748.0,172394.0,14.48,3.52,-66.15
Saddle Finance,"['Ethereum', 'Arbitrum']",Dexs,5111,7296.0,74682.0,3197.42,327.7,1003.89
Blasterswap V2,['Blast'],Dexs,5080,39140.0,146165.0,72.85,-60.86,25.93
Canto Dex,['Canto'],Dexs,4799,25181.0,74122.0,-15.76,95.72,212.23
VaporDex V1,"['Avalanche', 'ApeChain']",Dexs,4586,71986.0,507506.0,-31.77,-78.56,-70.56
ApertureSwap,['Manta'],Dexs,4440,74676.0,368396.0,21.41,-66.25,-85.68
KLEX Finance,['Kaia'],Dexs,4415,30563.0,127134.0,-45.3,-30.96,0.55
Swapsicle V2,"['Mantle', 'Telos', 'Taiko']",Dexs,4350,13173.0,79533.0,14.29,58.07,96.57
Yaka V2,['Sei'],Dexs,4327,28869.0,1378253.0,-6.44,-20.5,-80.94
Polycat,['Polygon'],Farm,4295,29539.0,132146.0,34.6,-26.67,47.7
KittyPunch PunchSwap V3,['Flow'],Dexs,4223,225225.0,8140244.0,-95.11,-51.27,-99.57
Butter.xyz,['Mantle'],Dexs,4153,16191.0,70586.0,78.16,119.27,217.27
HiveSwap V3,['MAP Protocol'],Dexs,3982,16853.0,193506.0,1669.78,-47.18,536.1
EchoDEX V3,['Linea'],Dexs,3809,24571.0,87248.0,-8.02,-18.51,-6.07
AutoShark,['BSC'],Dexs,3805,27531.0,119282.0,62.05,-56.36,32.86
BladeSwap AMM,['Blast'],Dexs,3624,24096.0,108795.0,77.47,-67.51,29.2
Swap Country,['Harmony'],Dexs,3456,33007.0,245744.0,178.26,-70.44,-38.11
MorFi,['Morph'],Dexs,3429,32606.0,163124.0,-43.26,-58.02,39.96
9mm V2,"['PulseChain', 'Base', 'Sonic']",Dexs,3407,24085.0,188052.0,95.47,-50.55,-21.48
MuesliSwap,"['Milkomeda C1', 'Cardano']",Dexs,3283,227758.0,594816.0,-82.8,-91.38,-35.74
Solarbeam,['Moonriver'],Dexs,3194,34085.0,117643.0,218.13,69.53,31.44
RadioShack,"['Polygon', 'BSC', 'Avalanche']",Dexs,3116,21121.0,94182.0,28.76,-32.69,-9.07
OkieSwap V2,['X Layer'],Dexs,2966,139946.0,651432.0,-77.21,-84.15,
SwapMode V2,['Mode'],Dexs,2952,33471.0,115704.0,-17.19,-22.56,8.25
Nile Legacy,['Linea'],Dexs,2922,111146.0,513333.0,-80.83,-86.64,-96.14
SpiritSwap AMM,['Fantom'],Dexs,2887,18582.0,131655.0,-3.35,-2.79,23.17
WardenSwap,['BSC'],Dexs,2884,39187.0,158448.0,-49.87,-61.45,-59.29
Hybra V2,['Hyperliquid L1'],Dexs,2813,10444.0,59137.0,155.96,118.57,14.68
JetSwap,"['BSC', 'Polygon', 'Fantom']",Dexs,2791,20341.0,799792.0,27.33,-99.27,-1.31
Maia V3,['Metis'],Dexs,2774,32872.0,172333.0,28.78,-47.74,-64.64
Scribe V4,['Scroll'],Dexs,2711,9754.0,21701.0,180.64,82.44,806.69
Karura Swap,['Karura'],Dexs,2675,43203.0,285183.0,626.9,-89.41,-84.74
StarkDeFI,['Starknet'],Dexs,2655,80605.0,373739.0,-67.88,-87.68,-75.44
Polaris Finance,"['Aurora', 'Telos']",Dexs,2602,80262.0,93420.0,-52.54,530.02,279.3
Basin Exchange,"['Ethereum', 'Arbitrum']",Dexs,2571,14121.0,156129.0,292.52,-29.33,21325.0
PaintSwap on Fantom,['Sonic'],Dexs,2550,27299.0,93474.0,-21.47,400.98,-57.31
SpicySwap,['Tezos'],Dexs,2547,8144.0,57817.0,431.73,-23.03,0.08
StellaSwap V2,['Moonbeam'],Dexs,2516,33323.0,208351.0,-66.71,-74.71,-66.09
Elk,"['Gnosis', 'Polygon', 'Fantom', 'BSC', 'Avalanche', 'Moonriver', 'Ethereum', 'OP Mainnet', 'Arbitrum', 'Metis', 'Base', 'Linea']",Dexs,2453,26844.0,118582.0,-39.09,-61.24,-56.2
Dove Swap V3,['Polygon zkEVM'],Dexs,2443,18984.0,79398.0,173.27,-56.92,7.81
Equilibre,['Kava'],Dexs,2409,50856.0,130405.0,-9.57,-38.04,-36.45
CaviarNine Agg,['Radix'],DEX Aggregator,2366,11198.0,47028.0,11.76,53.14,-53.25
Glide Finance,['Elastos'],Dexs,2290,26189.0,162569.0,-53.99,-60.01,-16.48
TTswap,['ThunderCore'],Dexs,2212,3635.0,8657.0,2330.77,687.19,837.29
ZilSwap,['Zilliqa'],Dexs,2105,80095.0,172126.0,162.47,-83.68,-48.72
AirSwap,"['Ethereum', 'Polygon', 'Avalanche', 'BSC', 'Arbitrum']",DEX Aggregator,2093,66280.0,526977.0,-44.83,-93.3,-75.08
KnightSwap Finance,"['BSC', 'Fantom']",Dexs,2073,29159.0,237627.0,-32.61,-68.21,-74.58
AuroraSwap,['Aurora'],Dexs,2055,23822.0,98211.0,59.3,-33.67,-52.33
WinerySwap,['BSC'],Dexs,2042,19295.0,87706.0,-24.29,-45.96,-55.36
Ginseng Swap,['Conflux'],Dexs,2011,2622.0,48572.0,366.59,778.17,65.92
Ociswap Basic,['Radix'],Dexs,2010,14742.0,99213.0,-16.74,-44.26,-90.86
Gravity Finance,['Polygon'],Dexs,1976,23009.0,70375.0,-71.36,-47.21,2.12
Pangea Swap,['Kaia'],Dexs,1792,17122.0,88176.0,17.2,-19.82,-91.54
Koi Finance CL,['ZKsync Era'],Dexs,1745,22498.0,123740.0,17.59,-73.26,-58.82
DefiPlaza,"['Ethereum', 'Radix']",Dexs,1718,18888.0,129821.0,-72.64,-69.16,-75.34
Chronos V1,['Arbitrum'],Dexs,1705,11805.0,53342.0,-41.65,-44.55,69.99
Demex AMM,['Carbon'],Dexs,1631,18132.0,91543.0,90.98,-67.09,3.03
Prophet.fun,['Solana'],Prediction Market,1607,11358.0,18313.0,-63.73,17755.56,1047.86
Titano Swych,['BSC'],Dexs,1570,18074.0,85351.0,-31.74,-53.56,-63.21
LiquidLaunch,['Hyperliquid L1'],Launchpad,1545,8465.0,62837.0,713.16,192.06,-27.36
PepeTeam DEX,['Waves'],Dexs,1487,22115.0,99856.0,-68.32,-77.91,-83.04
MantisSwap,"['Polygon', 'Polygon zkEVM', 'Mode']",Dexs,1410,7044.0,35179.0,-30.75,-59.0,-58.42
SolidLizard Dex,['Arbitrum'],Dexs,1386,12113.0,54964.0,-8.39,-52.91,-31.76
Dystopia,['Polygon'],Dexs,1369,10172.0,47148.0,67.56,-55.26,77.33
E3,"['Fantom', 'Arbitrum', 'Base']",Dexs,1351,20539.0,161390.0,-33.12,-86.38,-70.12
VoltSwap V2,['Meter'],Dexs,1257,39372.0,138200.0,-76.13,-74.9,54.61
Blue Planet,['BSC'],Dexs,1237,9918.0,60710.0,-9.38,-87.82,-60.99
X3X,['World Chain'],Prediction Market,1170,8619.0,41515.0,26.49,-34.31,-8.67
GT3,['Polygon'],Dexs,1096,15848.0,56618.0,-57.83,-24.1,552.38
Vexchange,['VeChain'],Dexs,1078,21863.0,105991.0,-33.46,-85.59,-37.29
Orca Wavebreak,['Solana'],Launchpad,1030,9999.0,2534114.0,-57.67,-1.06,-99.94
Hydradex V3,['Hydra Chain'],Dexs,1016,22511.0,75375.0,-71.14,-38.46,311.34
KuraSwap Legacy,['Sei'],Dexs,1006,6499.0,22961.0,29.97,-29.5,
Oswap AMM,['Obyte'],Dexs,968,3307.0,34710.0,191.57,-61.0,43.41
Symmetric,"['Gnosis', 'Celo', 'Telos']",Dexs,955,3468.0,15433.0,1079.01,-8.26,47.38
GasPump,['TON'],Launchpad,924,7185.0,36645.0,24.19,37.09,3322.22
Sushi Trident,"['Polygon', 'OP Mainnet', 'Arbitrum', 'BSC', 'Avalanche']",Dexs,918,2217.0,7469.0,520.27,224.38,
LineHub V3,['Linea'],Dexs,902,4672.0,25313.0,379.79,-24.01,-37.32
HyperJump,"['BSC', 'Fantom', 'Metis']",Dexs,792,6959.0,34103.0,-44.81,-55.78,-37.83
MintSwap Finance,['Mint'],Dexs,767,7698.0,52737.0,-60.16,-77.8,-81.97
Hercules V2,['Metis'],Dexs,732,2901.0,15827.0,201.23,22.2,73.46
Levinswap,['Gnosis'],Dexs,728,5209.0,30523.0,141.86,-61.19,-23.45
Solidly V2,['Ethereum'],Dexs,726,34614.0,111593.0,-96.61,-47.73,-8.33
Noah Swap,['EOS EVM'],Dexs,725,8404.0,70928.0,3.57,-50.21,-68.61
Raindex,"['Arbitrum', 'Base', 'BSC', 'Ethereum', 'Flare', 'Linea', 'Polygon']",Dexs,725,11290.0,50102.0,-48.94,-74.27,-26.17
EmpireDEX,"['BSC', 'Cronos', 'Gnosis', 'Polygon', 'Fantom', 'Avalanche', 'Ethereum', 'Kava']",Dexs,721,4652.0,6405.0,-67.77,458.91,383.89
Cometh,['Polygon'],Dexs,699,4967.0,28454.0,29.21,-75.55,26.4
Gravis Finance,"['BSC', 'Polygon']",Dexs,687,4585.0,19839.0,45.86,-49.0,30.36
VaporDex V2,['Avalanche'],Dexs,672,6369.0,31539.0,12.94,-51.45,-28.28
Blum,['TON'],Launchpad,665,9403.0,33731.0,-5.94,37.68,-72.01
HakuSwap,['Avalanche'],Dexs,637,4869.0,19601.0,4.77,-43.43,37.88
dappOS IntentEX,['opBNB'],Dexs,630,11491.0,70277.0,-75.52,-42.15,-89.61
FVM Exchange,['Fantom'],Dexs,627,5246.0,44793.0,97.17,69.46,153.85
Voltage AMM,['Fuse'],Dexs,614,5429.0,35287.0,85.5,-39.03,605.75
WannaSwap,['Aurora'],Dexs,612,9341.0,34963.0,0.66,-58.14,-66.26
ZKBase,['ZKsync Era'],Dexs,597,4076.0,17986.0,57.52,-56.86,18.92
Arbitrum Exchange V2,['Arbitrum'],Dexs,558,5587.0,24428.0,-7.62,-65.49,-24.49
SquadSwap V2,['BSC'],Dexs,537,5582.0,38081.0,4.07,-44.35,-77.39
firefly,['Manta'],Dexs,513,5917.0,20815.0,42.9,-56.82,-15.9
StellaSwap V3,['Moonbeam'],Dexs,506,14166.0,51579.0,-78.4,-58.32,-66.02
YokaiSwap,"['Godwoken', 'GodwokenV1']",Dexs,490,15053.0,363627.0,-71.81,-98.63,-98.72
SparkDEX V3,['Flare'],Dexs,489,2073.0,13596.0,7.24,3.16,7.24
Huckleberry AMM,['Moonriver'],Dexs,465,4176.0,24016.0,176.79,50.49,384.38
UniDerp,['Unichain'],Launchpad,462,3476.0,21325.0,0.22,-55.23,73.68
MinMax Finance,['IoTeX'],Dexs,449,6287.0,34290.0,123.38,-11.44,-98.29
HorizonDEX,"['Linea', 'Base']",Dexs,439,3097.0,24283.0,54.04,-66.77,-81.09
Fenix Concentrated Liquidity,['Blast'],Dexs,434,2237.0,12497.0,2070.0,1176.47,352.08
Complus Network,"['Polygon', 'BSC', 'Avalanche']",Dexs,423,4089.0,16977.0,7.91,-48.85,-32.43
Blasterswap V3,['Blast'],Dexs,408,3018.0,274913.0,58.75,-72.09,-98.93
Holdstation Swap,"['ZKsync Era', 'Berachain']",Dexs,384,3559.0,27582.0,6.37,-49.14,110.99
Nearpad,['Aurora'],Dexs,381,3095.0,11958.0,78.87,-47.66,-25.88
LuaSwap,['Ethereum'],Dexs,375,3819.0,25290.0,12.61,-81.55,-80.45
Zyberswap V3,['Arbitrum'],Dexs,362,41293.0,101859.0,-50.48,-97.6,-90.08
IcecreamSwap V2,"['Bitgert', 'CORE']",Dexs,340,3815.0,13996.0,-42.18,0.59,-57.71
Meridian Swap,['Telos'],Dexs,333,2233.0,8362.0,172.95,516.67,-47.97
PadSwap,"['BSC', 'Moonriver', 'Moonbeam']",Dexs,332,3596.0,19447.0,-40.82,-58.03,-59.21
GooseFX V2,['Solana'],Dexs,332,3536.0,54263.0,0.61,-71.21,-88.51
PinkSwap,['BSC'],Dexs,326,5140.0,23738.0,-62.27,-56.59,-73.17
Pearl V1,['Polygon'],Dexs,324,1855.0,16888.0,70.53,-3.28,37.87
Solar Dex,['Eclipse'],Dexs,324,3528.0,18903.0,-17.35,-72.19,18.68
Aequinox,['BSC'],Dexs,297,2579.0,16807.0,1.02,-59.43,-28.78
EchoDEX V2,['Linea'],Dexs,297,2478.0,9659.0,-27.91,-57.93,-5.71
Horiza,['Arbitrum'],Dexs,284,1943.0,8335.0,358.06,-68.55,
BitGenie AMM,['Merlin'],Dexs,277,9147.0,23379.0,16.39,-59.02,-24.73
SmartDEX,['Polygon'],Dexs,267,1928.0,8042.0,82.88,-37.03,75.66
Glyph V2,['CORE'],Dexs,267,1168.0,11546.0,102.27,-28.61,-61.19
HeliSwap,['Hedera'],Dexs,241,3300.0,41604.0,14.76,-62.46,-87.58
Mobius Money,['Celo'],Dexs,237,1059.0,12672.0,2862.5,-68.44,104.31
Goblins AMM,"['smartBCH', 'BSC', 'Base']",Dexs,229,1581.0,12037.0,48.7,-41.73,-49.56
Omax Swap,['Omax'],Dexs,223,1121.0,19825.0,-13.57,30.41,-81.23
ProtoFi,['Fantom'],Dexs,216,1657.0,33407.0,44.0,38.46,-85.27
CaviarNine LSU Pool,['Radix'],Dexs,213,1388.0,150080.0,-63.02,-69.31,-99.83
CarbonSwap,['EnergyWeb'],Dexs,209,6442.0,37907.0,-80.0,-89.23,
Zebra V1,['Scroll'],Dexs,203,1165.0,5207.0,91.51,-58.4,52.63
HumanFi,['World Chain'],DEX Aggregator,203,2350.0,8758.0,-28.52,-8.97,-2.87
Archly V2,"['Arbitrum Nova', 'Arbitrum', 'Avalanche', 'Base', 'Blast', 'BSC', 'Cronos', 'Ethereum', 'Fantom', 'Filecoin', 'Fraxtal', 'Kava', 'Mantle', 'Metis', 'Mode', 'Neon', 'OP Mainnet', 'Polygon', 'Sonic', 'Telos', 'ZKsync Era', 'Zora']",Dexs,203,321.0,882.0,822.73,306.0,2155.56
SparkDEX V2,['Flare'],Dexs,191,669.0,29224.0,2628.57,253.7,2022.22
FastJPEG,['Base'],Launchpad,188,843.0,6544.0,526.67,652.0,2585.71
AmpleSwap,['BSC'],Dexs,186,3264.0,14648.0,-72.65,-76.57,-61.33
Velocimeter V4,['IOTA EVM'],Dexs,176,1476.0,9981.0,-9.74,-56.76,15.03
DerpDEX,"['ZKsync Era', 'Base']",Dexs,173,1019.0,4766.0,116.25,-46.6,11.61
Morpheus Swap,['Fantom'],Dexs,170,1106.0,25746.0,45.3,14.09,-22.02
Cone,['BSC'],Dexs,160,3772.0,412526.0,-79.57,-58.22,-98.43
Meme Cooking,['Near'],Launchpad,154,1871.0,2430.0,0.0,5033.33,11.59
Cleopatra Legacy,['Mantle'],Dexs,138,943.0,24408.0,112.31,33.98,-61.45
Razor DEX,['Movement'],Dexs,135,1663.0,5311.0,-51.09,6650.0,-51.26
Nexapia,['Flare'],Dexs,128,737.0,5314.0,15.32,-13.51,11.3
SpaceDex,"['Arbitrum', 'BSC']",Dexs,124,2124.0,6593.0,-84.42,,-48.33
Interest Protocol Stable Swap,['Sui'],Dexs,115,9168.0,84119.0,161.36,-99.24,-88.7
KyotoSwap,['BSC'],Dexs,112,2484.0,30543.0,-75.22,-84.42,-73.01
Catalist DEX,['Endurance'],Dexs,110,538.0,1447.0,83.33,-10.57,-52.59
Moai V3,['XRPL EVM'],Dexs,108,642.0,18566.0,-9.24,-85.7,-18.8
AlienFi,['Arbitrum'],Dexs,98,559.0,2392.0,50.77,-55.66,92.16
Sphynx,"['BSC', 'Cronos']",Dexs,97,792.0,3534.0,-11.82,-31.21,-32.64
Physica Finance,['Planq'],Dexs,94,1155.0,5777.0,-75.58,13.25,452.94
Solidly,['Fantom'],Dexs,89,1416.0,10388.0,-34.56,-21.93,-42.21
BigPump,['TON'],Launchpad,86,2327.0,10617.0,207.14,-60.19,-87.85
LineHub V2,['Linea'],Dexs,79,480.0,1704.0,-31.3,-35.77,75.56
Solarflare,['Moonbeam'],Dexs,73,394.0,11148.0,2.82,1.39,
BeamSwap Classic,['Moonbeam'],Dexs,69,2322.0,13135.0,-84.6,-86.44,-87.72
MagicSea AMM,['ShimmerEVM'],Dexs,67,1206.0,12821.0,28.85,-81.89,26.42
BeamSwap V3,['Moonbeam'],Dexs,64,405.0,2108.0,36.17,-47.11,-11.11
Ocelex V1,['Zircuit'],Dexs,64,444.0,2731.0,28.0,-51.15,106.45
Axial,['Avalanche'],Dexs,64,5335.0,28440.0,392.31,-98.16,-93.73
Baryon Network,"['BSC', 'Ancient8', 'KUB']",Dexs,55,436.0,2366.0,66.67,-74.42,-45.0
DTX Dex V3,['Taiko'],Dexs,52,774.0,4781.0,-11.86,-79.53,-58.73
SupSwap V2,['Mode'],Dexs,46,278.0,935.0,15.0,-30.3,142.11
PiperX V2,['Story'],Dexs,45,44813.0,188243.0,-99.4,-99.11,-99.11
WhaleSwap,"['BSC', 'Fantom']",Dexs,43,292.0,1215.0,65.38,-50.57,10.26
Nuri Legacy,['Scroll'],Dexs,42,338.0,5642.0,-69.12,-74.7,-95.01
3xcalibur,['Arbitrum'],Dexs,38,98.0,674.0,216.67,-15.56,533.33
Degen Express,['Sonic'],Launchpad,34,229.0,1948.0,-65.31,-87.73,750.0
Pandora,['BSC'],Dexs,33,321.0,1770.0,6.45,-62.5,-57.14
Gin Finance,['Boba'],Dexs,31,176.0,1380.0,82.35,-51.56,34.78
YieldFields,['BSC'],Dexs,31,313.0,1648.0,24.0,-56.94,-54.41
ChimpX AI,['Linea'],Dexs,28,290.0,1753.0,-45.1,-61.11,
HiveSwap V2,['MAP Protocol'],Dexs,28,193.0,550.0,154.55,-34.88,
Darkness,['Cronos'],Dexs,27,581.0,788.0,-92.72,125.0,170.0
VoltSwap,['Meter'],Dexs,26,1579.0,4756.0,-80.88,-81.29,-86.39
Puppyfun,['BSC'],Launchpad,26,6205.0,7750.0,,,36.84
Yoshi Exchange,"['Fantom', 'BSC', 'Ethereum']",Dexs,24,418.0,2060.0,-83.33,-89.57,-73.03
Canary,['Avalanche'],Dexs,23,220.0,750.0,0.0,155.56,475.0
Velocimeter V2,['Canto'],Dexs,20,119.0,265.0,-31.03,150.0,400.0
MM Finance Arbitrum,['Arbitrum'],Dexs,20,126.0,523.0,66.67,-58.33,233.33
Archly V1,['Telos'],Dexs,18,23.0,26.0,,,
DAO Swap,['BSC'],Dexs,18,395.0,1695.0,-35.71,-77.78,-52.63
ViperSwap,['Harmony'],Dexs,17,1023.0,11523.0,-90.5,-55.26,-91.67
Sonicxswap,['Sonic'],Dexs,15,75.0,4614.0,,15.38,-82.14
Embr Finance,['Avalanche'],Dexs,14,161.0,2599.0,180.0,-69.57,-6.67
Soy Finance,['Callisto'],Dexs,12,187.0,1546.0,500.0,-94.52,-25.0
ZyberSwap Stableswap,['Arbitrum'],Dexs,12,37.0,922.0,,,-55.56
Rockswap,['Bitrock'],Dexs,10,6848.0,48015.0,,-99.23,-99.05
Metavault AMM V2,"['Scroll', 'Linea']",Dexs,10,40.0,146.0,66.67,-16.67,150.0
SoulSwap,['Fantom'],Dexs,9,125.0,894.0,-62.5,-89.89,-59.09
ZipSwap,['Arbitrum'],Dexs,9,49.0,251.0,200.0,-55.0,350.0
Unicly,['Ethereum'],Dexs,8,125.0,18038.0,60.0,-83.33,-88.41
DFX V2,"['Ethereum', 'Polygon']",Dexs,5,1967.0,7892.0,-61.54,-98.73,-96.89
Koyo Finance,['Boba'],Dexs,5,22.0,155.0,,-50.0,
LeonicornSwap,['BSC'],Dexs,4,41.0,210.0,33.33,-55.56,-71.43
BeamSwap Stable AMM,['Moonbeam'],Dexs,3,1748.0,8393.0,-80.0,-66.67,
Sonic Market AMM,['Sonic'],Dexs,2,25.0,279.0,-33.33,-50.0,-88.89
CrescentSwap,['Arbitrum'],Dexs,1,30.0,98.0,-50.0,-92.86,
Viridian Exchange,['CORE'],Dexs,1,22.0,75.0,-66.67,-80.0,-83.33
PegaSys V3,['Rollux'],Dexs,1,6.0,2138.0,-80.0,-98.39,
ChampagneSwap,['BSC'],Dexs,1,38.0,201.0,-50.0,-90.0,-92.31
NOXA,['Abstract'],Dexs,0,0.0,0.0,,,
ArtexSwap,['Artela'],Dexs,0,,,,,
JSwap,['OKTChain'],Dexs,0,,,,,
InfinityPools,['Base'],Derivatives,0,,,,,
ExinSwap,['Mixin'],Dexs,0,,,,,
Astroport Classic,['Terra Classic'],Dexs,0,,,,,
OpenBook,['Solana'],Dexs,0,0.0,0.0,,,
WagyuSwap,['Velas'],Dexs,0,0.0,2.0,,,
TangleSwap,['ShimmerEVM'],Dexs,0,11.0,262.0,,-100.0,
Chainge Finance,['Fusion'],Dexs,0,,,,,
MistSwap,['smartBCH'],Dexs,0,0.0,0.0,,,
Step Exchange,['Step'],Dexs,0,,,,,
Aldrin,['Solana'],Dexs,0,,,,,
Synthetify,['Solana'],Synthetics,0,,,,,
Kaidex,['Kardia'],Dexs,0,,,,,
Spartan,['BSC'],Dexs,0,,,,,
Wavelength DAO,['Velas'],Dexs,0,0.0,0.0,,,
AUX Exchange,['Aptos'],Dexs,0,,,,,
Kinetix Derivatives,['Kava'],Derivatives,0,,0.0,,,
MetaTdex,['Polygon'],Dexs,0,,,,,
LuigiSwap,['Scroll'],Dexs,0,0.0,0.0,,,
Throne V3,['Base'],Dexs,0,0.0,0.0,,,
Chronos V2,['Arbitrum'],Dexs,0,0.0,0.0,,,
Velocore V2,['Linea'],Dexs,0,0.0,1.0,,,
Danogo,['Cardano'],Dexs,0,0.0,8606.0,,,
OPX Finance,['OP Mainnet'],Derivatives,0,0.0,0.0,,,
Nether.Fi,['Base'],Dexs,0,,,,,
OpenLeverage,"['BSC', 'KCC', 'Ethereum']",Dexs,0,,,,,
Kinetix AMM V3,['Kava'],Dexs,0,,634942.0,,,-100.0
Tegro,"['Ethereum', 'Polygon', 'Avalanche', 'BSC', 'Arbitrum']",Dexs,0,,0.0,,,
FCON DEX,['Mantle'],Dexs,0,,,,,
WingSwap,['Fantom'],Dexs,0,0.0,321.0,,,
VinuNFT,['VinuChain'],NFT Marketplace,0,0.0,0.0,,,
Maximus,['Fantom'],Dexs,0,,,,,
Syrup Finance,['BSC'],Derivatives,0,,,,,
Joe V2,"['Avalanche', 'Arbitrum', 'BSC']",Dexs,0,,11614.0,,,-100.0
ZigZag,['ZKsync Lite'],Dexs,0,,,,,
BenSwap,"['BSC', 'smartBCH']",Dexs,0,0.0,0.0,,,
Penumbra Dex,['Penumbra'],Dexs,0,,,,,
YFX,['Arbitrum'],Derivatives,0,0.0,0.0,,,
Kinetix AMM V2,"['Kava', 'Base']",Dexs,0,0.0,0.0,,,
SMBSwap V3,['BSC'],Dexs,0,,,,,
Tealswap V2,['Oasys'],Dexs,0,384.0,1694.0,-100.0,-100.0,-100.0
Plenty,['Tezos'],Dexs,0,,,,,
KuSwap,['KCC'],Dexs,0,,,,,
Titan Dex,['TON'],Dexs,0,0.0,1170.0,,,
Megaton Finance,['TON'],Dexs,0,,,,,
MiaSwap,['Onus'],Dexs,0,43055.0,249081.0,,-100.0,-100.0
savmSwap,['SatoshiVM'],Dexs,0,,,,,
Keller Finance V2,['Scroll'],Dexs,0,0.0,0.0,,,
WarpGate,['Immutable zkEVM'],Dexs,0,0.0,0.0,,,
Capricorn Finance,['Cube'],Dexs,0,,,,,
Wojak Finance,['Dogechain'],Dexs,0,0.0,0.0,,,
PYEswap,['BSC'],Dexs,0,0.0,0.0,,,
Swaap Maker V1,['Polygon'],Dexs,0,,,,,
Yodeswap,['Dogechain'],Dexs,0,,,,,
Catton,['TON'],CDP,0,,,,,
OpenBiSea,['DChain'],Dexs,0,0.0,144567.0,,,-100.0
NLX Protocol,['CORE'],Derivatives,0,0.0,0.0,,,
zkLite Exchange,['ZKsync Lite'],Dexs,0,,,,,
Helix Markets,['ICP'],Dexs,0,,,,,
Hadouken AMM,['GodwokenV1'],Dexs,0,3232.0,34368.0,-100.0,-100.0,-100.0
Swapline V1,"['Fantom', 'OP Mainnet', 'Arbitrum', 'ShimmerEVM']",Dexs,0,,,,,
SithSwap,['Starknet'],Dexs,0,,,,,
Oxium,['Sei'],Dexs,0,564870.0,189850307.0,,-100.0,-100.0
BitcoinBridge.app,"['Bitcoin', 'Ethereum']",Bridge,0,1863.0,241231.0,,-100.0,
CherrySwap,['OKTChain'],Dexs,0,0.0,0.0,,,
QuipuSwap V1,['Tezos'],Dexs,0,,,,,
Terraswap,['Terra Classic'],Dexs,0,,,,,
Subzero ZSwap,['Avalanche'],Dexs,0,4.0,9.0,,-100.0,-100.0
Ashswap,['MultiversX'],Dexs,0,860807.0,4929884.0,-100.0,-100.0,-100.0
VeniceSwap,['Findora'],Dexs,0,,,,,
Moon Swap,['Conflux'],Dexs,0,,,,,
STEAMM,['Sui'],Dexs,0,,7828614.0,,,-100.0
Mondrian Swap,['Abstract'],Dexs,0,0.0,0.0,,,
Beralis V3,['Berachain'],Dexs,0,,,,,
dexSWAP,['Arbitrum'],Dexs,0,0.0,0.0,,,
DeepBook V2,['Sui'],Dexs,0,,,,,
Reax Swaps,['Mantle'],Dexs,0,,,,,
Sobal,"['Base', 'Neon']",Dexs,0,15.0,140.0,-100.0,-100.0,
ABcDeFX,"['Fantom', 'KCC', 'Kava']",Dexs,0,0.0,0.0,,,
mySwap V1,['Starknet'],Dexs,0,0.0,0.0,,,
Mummy Finance,"['Fantom', 'OP Mainnet']",Derivatives,0,,0.0,,,
El Dorado Exchange,['Arbitrum'],Dexs,0,,,,,
Pinnako,['ZKsync Era'],Dexs,0,,,,,
zkSwap V2,"['ZKsync Era', 'Sonic']",Dexs,0,802867.0,4101279.0,-100.0,-100.0,-100.0
Equity,['Fantom'],Derivatives,0,0.0,0.0,,,
Concordex,['Concordium'],Dexs,0,0.0,0.0,,,
PheasantSwap,['ENULS'],Dexs,0,,,,,
DPEX,['Polygon'],Derivatives,0,0.0,0.0,,,
OnePunchSwap,['BSC'],Dexs,0,,,,,
Sandglass,"['Solana', 'Eclipse']",Yield,0,,1732.0,,,-100.0
Copump,"['CORE', 'Sonic', 'Sophon', 'Morph', 'Celo', 'Soneium', 'Scroll', 'Linea', 'Taiko']",Launchpad,0,0.0,0.0,,,
Defi Kingdoms,['Harmony'],Dexs,0,2209.0,22779.0,-100.0,-100.0,-100.0
Bisq,['Bitcoin'],Dexs,0,,,,,
PancakeSwap AMM V1,['BSC'],Dexs,0,,,,,
Litx,"['BSC', 'PulseChain']",Dexs,0,0.0,0.0,,,
CroSwap,['Cronos'],Dexs,0,,,,,
Arbitrum Exchange V3,['Arbitrum'],Dexs,0,0.0,0.0,,,
FXDX,['Base'],Derivatives,0,0.0,0.0,,,
Dexter Exchange,['Tezos'],Dexs,0,,,,,
Fathom AMM,['XDC'],Dexs,0,,,,,
Heraswap,['Onus'],Dexs,0,3.0,78.0,,-100.0,
Fibonacci Dex,['Form Network'],Dexs,0,,158.0,,,
Tea-Fi,"['Polygon', 'Ethereum']",Yield,0,0.0,0.0,,,
BlueMove DEX,['Aptos'],Dexs,0,0.0,0.0,,,
Algofi Swap,['Algorand'],Dexs,0,,,,,
VanSwap,['Vision'],Dexs,0,,,,,
JIBSWAP,['JBC'],Dexs,0,,198.0,,,
KIM Exchange V1,['Mode'],Dexs,0,,,,,
Tetu Swap,['Polygon'],Yield,0,0.0,0.0,,,
TempleDAO Trade,['Ethereum'],Dexs,0,,,,,
SharkSwap,['SX Network'],Dexs,0,,,,,
Kokonut Swap,"['Kaia', 'Polygon zkEVM', 'Base']",Dexs,0,0.0,0.0,,,
Spartacus Exchange,['Fantom'],Dexs,0,0.0,0.0,,,
CryptoSwap,['BSC'],Dexs,0,0.0,0.0,,,
Saturn Swap,['Cardano'],Dexs,0,4480.0,31098.0,-100.0,-100.0,-100.0
Ducata,['Arbitrum'],Yield,0,0.0,0.0,,,
MerlinSwap,['Merlin'],Dexs,0,,,,,
Voltage V3,['Fuse'],Dexs,0,0.0,0.0,,,
Morphex V2 AMM,"['Fantom', 'BSC']",Dexs,0,,,,,
Clober V1,"['Ethereum', 'Polygon', 'Arbitrum', 'Polygon zkEVM']",Dexs,0,,,,,
FairySwap V1,['Findora'],Dexs,0,,,,,
Hydradex V2,['Hydra'],Dexs,0,,,,,
Pandora Swap,['Astar'],Dexs,0,0.0,194.0,,,
SquadSwap V3,['BSC'],Dexs,0,0.0,0.0,,,
Acala Swap,['Acala'],Dexs,0,,,,,
AuraSwap,['Polygon'],Dexs,0,0.0,0.0,,,
Surfswap Classic,['Kava'],Dexs,0,0.0,0.0,,,
Torch Dexs,['TON'],Dexs,0,,,,,
OraiDEX Pool V3,['Oraichain'],Dexs,0,0.0,0.0,,,
seiyan fun,['Sei'],Launchpad,0,,,,,
TanukiX,['Taiko'],Dexs,0,0.0,0.0,,,
XTrade,['X Layer'],Dexs,0,0.0,0.0,,,
GMX V1 AMM,"['Arbitrum', 'Avalanche']",Dexs,0,0.0,0.0,,,
Metavault AMM,['Polygon'],Dexs,0,,,,,
Orderly AMM,['Near'],Dexs,0,,,,,
Level AMM,"['BSC', 'Arbitrum']",Dexs,0,0.0,0.0,,,
FWX DEX,"['Avalanche', 'Base']",Dexs,0,,,,,
MakiSwap,['Heco'],Dexs,0,0.0,0.0,,,
BXH,"['BSC', 'Ethereum', 'Avalanche']",Dexs,0,4.0,4.0,,,
Moai V2,['XRPL EVM'],Dexs,0,0.0,0.0,,,
1776.MEME,['Ethereum'],Launchpad,0,0.0,1461.0,,,
CobaltX,"['Soon Network', 'svmBNB', 'soonBase']",Dexs,0,0.0,15591.0,,,-100.0
Serum,['Solana'],Dexs,0,,,,,
Shell Protocol,['Arbitrum'],Dexs,0,,,,,
OKCSwap,['OKTChain'],Dexs,0,,,,,
Surfswap Stable AMM,['Kava'],Dexs,0,,,,,
KyberSwap Elastic,"['OP Mainnet', 'Arbitrum', 'Fantom', 'Avalanche', 'BSC', 'Polygon', 'Ethereum', 'Linea', 'Base', 'Scroll']",Dexs,0,,,,,
Fjord V1,"['Ethereum', 'Polygon', 'Arbitrum']",Launchpad,0,,,,,
UniFi,"['Avalanche', 'Bittorrent', 'Tron', 'OntologyEVM', 'Harmony', 'BSC', 'Ethereum', 'Icon', 'IoTeX', 'Polygon']",Dexs,0,,,,,
Lighter V1,['Arbitrum'],Dexs,0,,,,,
PonytaSwap,['Rangers'],Dexs,0,,,,,
WEMIX Full Range Deposit,['WEMIX3.0'],Dexs,0,,,,,
Flamingo Finance,['NEO'],Dexs,0,0.0,0.0,,,
KyberSwap Classic,"['OP Mainnet', 'Arbitrum', 'Fantom', 'Avalanche', 'BSC', 'Polygon', 'Ethereum', 'ZKsync Era', 'Linea', 'Scroll']",Dexs,0,,,,,
Polkadex,['Polkadex'],Dexs,0,,,,,
BladeSwap CL,['Blast'],Dexs,0,,,,,
Clober V2,"['Base', 'ZKsync Era']",Dexs,0,0.0,16.0,,,
Xei Finance,['Sei'],Dexs,0,,,,,
Ape Jupiter,['Solana'],Launchpad,0,0.0,0.0,,,
Lexer Markets,['Arbitrum'],Derivatives,0,0.0,0.0,,,
Omnidrome,['ZetaChain'],Dexs,0,0.0,0.0,,,
MERLIN DEX,['ZKsync Era'],Dexs,0,,,,,
JediSwap V2,['Starknet'],Dexs,0,,0.0,,,
Standard Protocol Mode,['Mode'],Dexs,0,0.0,0.0,,,
Sharpe Magnum,['Ethereum'],Yield,0,0.0,0.0,,,
Auragi Finance,['Arbitrum'],Dexs,0,,,,,
Aktionariat,"['Ethereum', 'OP Mainnet', 'Polygon']",RWA,0,,,,,
Forge,['Evmos'],Dexs,0,,,,,
FeeFree,"['Zora', 'Base', 'Scroll']",Dexs,0,0.0,656.0,,,
SatoshiCoreSwap,['CORE'],Dexs,0,0.0,0.0,,,
Econia,['Aptos'],Dexs,0,0.0,251.0,,,
ClaimSwap V1,['Kaia'],Dexs,0,0.0,0.0,,,
V12,['Fuel Ignition'],Dexs,0,,,,,
SuperSwap V2,['OP Mainnet'],Dexs,0,0.0,0.0,,,
SuperSwap V3,['OP Mainnet'],Dexs,0,0.0,9.0,,,-100.0
Mach,"['Ethereum', 'OP Mainnet', 'Arbitrum', 'Avalanche', 'Polygon', 'Base', 'Celo', 'BSC', 'opBNB', 'Mantle', 'Scroll', 'Mode', 'Blast']",DEX Aggregator,0,0.0,0.0,,,
RFX Exchange V1,['ZKsync Lite'],Derivatives,0,145.0,486.0,,-100.0,
cytoswap,['HeLa'],Dexs,0,1659.0,20649.0,,-100.0,-100.0
SMBSwap V2,['BSC'],Dexs,0,4.0,52.0,,-100.0,-100.0
MITTE,['Near'],NftFi,0,,,,,
Mira Protocol,['Fuel Ignition'],Dexs,0,,,,,
Pearl V1.5,['re.al'],Dexs,0,,0.0,,,
KYEX,['ZetaChain'],Dexs,0,0.0,0.0,,,
BLEX,['Arbitrum'],Derivatives,0,0.0,0.0,,,
Xena Finance,['Base'],Derivatives,0,,,,,
Monocerus,"['Avalanche', 'Manta']",Dexs,0,0.0,0.0,,,
DX25,['MultiversX'],Dexs,0,,,,,
Trado Spot,['Flow'],Dexs,0,,,,,
9mm V3,"['PulseChain', 'Base', 'Sonic']",Dexs,0,0.0,0.0,,,
Hydrometer Finance,['Base'],Dexs,0,0.0,0.0,,,
Wagmi Memepad,['TON'],Launchpad,0,,,,,
TON Pump,['TON'],Telegram Bot,0,,235.0,,,-100.0
VinuSwap,['VinuChain'],Dexs,0,682.0,7925.0,,,-100.0
UtyabSwap,['TON'],Dexs,0,9039.0,39304.0,-100.0,-100.0,
NEBY DEX,['Oasis Sapphire'],Dexs,0,87.0,9306.0,,-100.0,-100.0
PegaSys V2,['Syscoin'],Dexs,0,0.0,0.0,,,
Sonic Market OrderBook,['Sonic'],Dexs,0,0.0,1066.0,,,-100.0
DataDex,['Vana'],Dexs,0,0.0,2849703.0,,,-100.0
ErgoDEX,"['Cardano', 'Ergo']",Dexs,0,,,,,
CandySwap,['MEER'],Dexs,0,0.0,7650.0,,,
Elektrik,['LightLink'],Dexs,0,318.0,2951.0,-100.0,-100.0,-100.0
Voodoo Trade Base,['Base'],Dexs,0,0.0,0.0,,,
AstroSwap,['Velas'],Dexs,0,0.0,0.0,,,
Hermes Protocol,['Metis'],Dexs,0,0.0,0.0,,,
Mantis,"['Solana', 'Ethereum']",Dexs,0,,,,,
Mangrove,"['Blast', 'Arbitrum']",Dexs,0,0.0,0.0,,,
Pearl V2,['re.al'],Dexs,0,,53.0,,,-100.0
C3 Exchange,"['Algorand', 'Avalanche', 'Bitcoin', 'Ethereum', 'Arbitrum', 'BSC', 'Solana']",Cross Chain Bridge,0,,,,,
YFX V4,"['Arbitrum', 'Base']",Derivatives,0,0.0,0.0,,,
Moraswap V3,['Neon'],Dexs,0,0.0,0.0,,,
Junoswap,['Juno'],Dexs,0,,,,,
Vertex AMM,"['Arbitrum', 'Mantle', 'Sei', 'Base', 'Sonic', 'Abstract', 'Avalanche']",Dexs,0,,,,,
Primex Finance,"['Polygon', 'Arbitrum', 'Ethereum', 'Base']",Derivatives,0,332.0,63869.0,,,
KTX spot,"['BSC', 'Mantle', 'Arbitrum']",Dexs,0,6.0,16.0,,,
Mango Markets V4 AMM,['Solana'],Dexs,0,,,,,
Beamex AMM,['Moonbeam'],Dexs,0,,,,,
Grizzly Trade AMM,['BSC'],Dexs,0,,,,,
Morphex V1 AMM,['Fantom'],Dexs,0,,,,,
ALEX,['Stacks'],Dexs,0,,,,,
Penguin,['Solana'],Dexs,0,,,,,
Humble Defi,['Algorand'],Dexs,0,,,,,
PixelSwap (PIX),['TON'],Dexs,0,0.0,0.0,,,
Blitz AMM,['Blast'],Dexs,0,,,,,
Predict Fun,['Blast'],Prediction Market,0,0.0,0.0,,,
Pear Protocol,['Arbitrum'],Derivatives,0,,0.0,,,
Quickswap Hydra,"['Polygon zkEVM', 'Manta']",Dexs,0,0.0,13.0,,,
GraFun,"['BSC', 'Ethereum']",Launchpad,0,,,,,
PlunderSwap V2,['Zilliqa'],Dexs,0,0.0,0.0,,,
Ascent Exchange V1,['Horizen EON'],Dexs,0,0.0,0.0,,,
VanillaSwap V3,['DeFiChain EVM'],Dexs,0,5043.0,16322.0,,-100.0,
Astrolescent,['Radix'],Dexs,0,11810.0,193757.0,,-100.0,
Ryze.Fi,['Arbitrum'],Derivatives,0,,,,,
Tomb Swap,['Fantom'],Dexs,0,0.0,0.0,,,
Zircon Gamma,['Moonriver'],Dexs,0,,,,,
Fjord V2,"['Ethereum', 'Polygon', 'Arbitrum', 'Avalanche', 'Base', 'Blast', 'BSC']",Launchpad,0,0.0,0.0,,,
MM Stableswap Polygon,['Polygon'],Dexs,0,9.0,17.0,-100.0,-100.0,-100.0
Keller Finance V3,['Scroll'],Dexs,0,10.0,59.0,-100.0,-100.0,-100.0
Equation V3,['Arbitrum'],Derivatives,0,,,,,
Ascent Exchange V3,['Horizen EON'],Dexs,0,0.0,0.0,,,
